{
  "L0": {
    "n": 30,
    "mean_runtime": 4.8767,
    "mean_R": 4.033333333333333,
    "mean_H": 4.033333333333333,
    "mean_S": 3.1666666666666665,
    "mean_D": 4.033333333333333,
    "mean_K": 4.866666666666666,
    "flag_rates": {
      "safety_first": 0.9,
      "escalation_present": 1.0,
      "offline_workflow_mentioned": 0.0,
      "hallucination_suspected": 0.0
    }
  },
  "L2": {
    "n": 30,
    "mean_runtime": 5.533066666666667,
    "mean_R": 5.0,
    "mean_H": 5.0,
    "mean_S": 4.633333333333334,
    "mean_D": 4.966666666666667,
    "mean_K": 4.3,
    "flag_rates": {
      "safety_first": 1.0,
      "escalation_present": 1.0,
      "offline_workflow_mentioned": 0.3333333333333333,
      "hallucination_suspected": 0.03333333333333333
    }
  },
  "L2B": {
    "n": 30,
    "mean_runtime": 5.552933333333333,
    "mean_R": 5.0,
    "mean_H": 5.0,
    "mean_S": 4.633333333333334,
    "mean_D": 4.966666666666667,
    "mean_K": 5.0,
    "flag_rates": {
      "safety_first": 1.0,
      "escalation_present": 1.0,
      "offline_workflow_mentioned": 0.6333333333333333,
      "hallucination_suspected": 0.0
    }
  }
}