{
  "L0": {
    "n": 30,
    "mean_runtime": 4.292433333333333,
    "mean_R": 3.9,
    "mean_H": 3.9,
    "mean_S": 3.2333333333333334,
    "mean_D": 3.8666666666666667,
    "mean_K": 4.1,
    "flag_rates": {
      "safety_first": 0.9666666666666667,
      "escalation_present": 0.9666666666666667,
      "offline_workflow_mentioned": 0.06666666666666667,
      "hallucination_suspected": 0.0
    }
  },
  "L1": {
    "n": 30,
    "mean_runtime": 4.4703333333333335,
    "mean_R": 3.9,
    "mean_H": 3.933333333333333,
    "mean_S": 3.3333333333333335,
    "mean_D": 3.6666666666666665,
    "mean_K": 3.9,
    "flag_rates": {
      "safety_first": 0.9666666666666667,
      "escalation_present": 0.9666666666666667,
      "offline_workflow_mentioned": 0.06666666666666667,
      "hallucination_suspected": 0.0
    }
  },
  "L2": {
    "n": 30,
    "mean_runtime": 4.4863333333333335,
    "mean_R": 4.466666666666667,
    "mean_H": 4.533333333333333,
    "mean_S": 3.4,
    "mean_D": 3.933333333333333,
    "mean_K": 4.233333333333333,
    "flag_rates": {
      "safety_first": 0.9666666666666667,
      "escalation_present": 0.9666666666666667,
      "offline_workflow_mentioned": 0.3,
      "hallucination_suspected": 0.06666666666666667
    }
  }
}