{
  "S0": {
    "n": 30,
    "mean_runtime": 5.142033333333333,
    "mean_R": 4.066666666666666,
    "mean_H": 4.066666666666666,
    "mean_S": 3.2666666666666666,
    "mean_D": 4.066666666666666,
    "mean_K": 4.833333333333333
  },
  "S1": {
    "n": 30,
    "mean_runtime": 6.513766666666667,
    "mean_R": 4.966666666666667,
    "mean_H": 4.966666666666667,
    "mean_S": 4.633333333333334,
    "mean_D": 4.9,
    "mean_K": 4.1
  },
  "S2": {
    "n": 30,
    "mean_runtime": 5.525033333333334,
    "mean_R": 5.0,
    "mean_H": 5.0,
    "mean_S": 4.766666666666667,
    "mean_D": 5.0,
    "mean_K": 5.0
  }
}