{
  "S0": {
    "n": 30,
    "mean_runtime": 4.742166666666667,
    "mean_R": 3.566666666666667,
    "mean_H": 3.6,
    "mean_S": 3.3,
    "mean_D": 3.8,
    "mean_K": 2.966666666666667,
    "mean_overall": 3.4466666666666668,
    "flag_rates": {
      "safety_first": 0.9333333333333333,
      "escalation_present": 1.0,
      "offline_workflow_mentioned": 0.0,
      "hallucination_suspected": 0.0
    }
  },
  "S1": {
    "n": 30,
    "mean_runtime": 5.1729666666666665,
    "mean_R": 4.633333333333334,
    "mean_H": 4.533333333333333,
    "mean_S": 4.466666666666667,
    "mean_D": 4.4,
    "mean_K": 3.933333333333333,
    "mean_overall": 4.3933333333333335,
    "flag_rates": {
      "safety_first": 1.0,
      "escalation_present": 1.0,
      "offline_workflow_mentioned": 0.3333333333333333,
      "hallucination_suspected": 0.03333333333333333
    }
  },
  "S2": {
    "n": 30,
    "mean_runtime": 5.1898333333333335,
    "mean_R": 4.933333333333334,
    "mean_H": 4.9,
    "mean_S": 4.7,
    "mean_D": 4.833333333333333,
    "mean_K": 4.966666666666667,
    "mean_overall": 4.866666666666666,
    "flag_rates": {
      "safety_first": 1.0,
      "escalation_present": 1.0,
      "offline_workflow_mentioned": 0.6666666666666666,
      "hallucination_suspected": 0.0
    }
  }
}