{
  "S0": {
    "n": 30,
    "mean_runtime": 3.5110666666666663,
    "mean_R": 3.8666666666666667,
    "mean_H": 3.8666666666666667,
    "mean_S": 3.033333333333333,
    "mean_D": 3.8666666666666667,
    "mean_K": 4.733333333333333
  },
  "S1": {
    "n": 30,
    "mean_runtime": 3.9544333333333332,
    "mean_R": 4.433333333333334,
    "mean_H": 4.433333333333334,
    "mean_S": 4.0,
    "mean_D": 4.4,
    "mean_K": 3.6
  },
  "S2": {
    "n": 30,
    "mean_runtime": 4.133766666666667,
    "mean_R": 4.733333333333333,
    "mean_H": 4.733333333333333,
    "mean_S": 4.266666666666667,
    "mean_D": 4.733333333333333,
    "mean_K": 4.7
  }
}