{
  "S0": {
    "n": 30,
    "mean_runtime": 4.8357,
    "mean_R": 4.066666666666666,
    "mean_H": 4.066666666666666,
    "mean_S": 3.2333333333333334,
    "mean_D": 4.066666666666666,
    "mean_K": 4.933333333333334
  },
  "S1": {
    "n": 30,
    "mean_runtime": 5.2806999999999995,
    "mean_R": 4.933333333333334,
    "mean_H": 4.933333333333334,
    "mean_S": 4.666666666666667,
    "mean_D": 4.933333333333334,
    "mean_K": 4.2
  },
  "S2": {
    "n": 30,
    "mean_runtime": 6.1619,
    "mean_R": 5.0,
    "mean_H": 5.0,
    "mean_S": 4.666666666666667,
    "mean_D": 5.0,
    "mean_K": 5.0
  }
}