{
  "L0": {
    "n": 30,
    "mean_runtime": 3.5564666666666667,
    "mean_R": 3.8666666666666667,
    "mean_H": 3.8666666666666667,
    "mean_S": 2.966666666666667,
    "mean_D": 3.8666666666666667,
    "mean_K": 4.733333333333333,
    "flag_rates": {
      "safety_first": 0.9333333333333333,
      "escalation_present": 0.9333333333333333,
      "offline_workflow_mentioned": 0.0,
      "hallucination_suspected": 0.0
    }
  },
  "L2": {
    "n": 30,
    "mean_runtime": 4.046433333333334,
    "mean_R": 4.6,
    "mean_H": 4.533333333333333,
    "mean_S": 4.266666666666667,
    "mean_D": 4.5,
    "mean_K": 3.7333333333333334,
    "flag_rates": {
      "safety_first": 0.9333333333333333,
      "escalation_present": 0.9333333333333333,
      "offline_workflow_mentioned": 0.13333333333333333,
      "hallucination_suspected": 0.03333333333333333
    }
  },
  "L2B": {
    "n": 30,
    "mean_runtime": 4.3028666666666675,
    "mean_R": 4.733333333333333,
    "mean_H": 4.733333333333333,
    "mean_S": 4.366666666666666,
    "mean_D": 4.733333333333333,
    "mean_K": 4.733333333333333,
    "flag_rates": {
      "safety_first": 0.9333333333333333,
      "escalation_present": 0.9333333333333333,
      "offline_workflow_mentioned": 0.6,
      "hallucination_suspected": 0.0
    }
  }
}