{
  "L0": {
    "n": 30,
    "mean_runtime": 4.531733333333333,
    "mean_R": 3.6,
    "mean_H": 3.7,
    "mean_S": 3.3333333333333335,
    "mean_D": 3.7,
    "mean_K": 2.9,
    "mean_overall": 3.4466666666666663,
    "flag_rates": {
      "safety_first": 0.9333333333333333,
      "escalation_present": 1.0,
      "offline_workflow_mentioned": 0.0,
      "hallucination_suspected": 0.03333333333333333
    }
  },
  "L2": {
    "n": 30,
    "mean_runtime": 5.4443,
    "mean_R": 4.566666666666666,
    "mean_H": 4.533333333333333,
    "mean_S": 4.4,
    "mean_D": 4.533333333333333,
    "mean_K": 4.2,
    "mean_overall": 4.446666666666667,
    "flag_rates": {
      "safety_first": 1.0,
      "escalation_present": 1.0,
      "offline_workflow_mentioned": 0.36666666666666664,
      "hallucination_suspected": 0.03333333333333333
    }
  },
  "L2B": {
    "n": 30,
    "mean_runtime": 5.1534666666666675,
    "mean_R": 4.9,
    "mean_H": 4.866666666666666,
    "mean_S": 4.6,
    "mean_D": 4.9,
    "mean_K": 4.966666666666667,
    "mean_overall": 4.846666666666667,
    "flag_rates": {
      "safety_first": 1.0,
      "escalation_present": 1.0,
      "offline_workflow_mentioned": 0.6333333333333333,
      "hallucination_suspected": 0.0
    }
  }
}