{
  "L0": {
    "n": 30,
    "mean_runtime": 4.7176,
    "mean_R": 4.033333333333333,
    "mean_H": 4.033333333333333,
    "mean_S": 3.1,
    "mean_D": 4.033333333333333,
    "mean_K": 4.933333333333334,
    "flag_rates": {
      "safety_first": 0.9,
      "escalation_present": 1.0,
      "offline_workflow_mentioned": 0.0,
      "hallucination_suspected": 0.0
    }
  },
  "L2": {
    "n": 30,
    "mean_runtime": 5.203733333333333,
    "mean_R": 4.933333333333334,
    "mean_H": 4.933333333333334,
    "mean_S": 4.533333333333333,
    "mean_D": 4.866666666666666,
    "mean_K": 4.066666666666666,
    "flag_rates": {
      "safety_first": 1.0,
      "escalation_present": 1.0,
      "offline_workflow_mentioned": 0.2,
      "hallucination_suspected": 0.0
    }
  },
  "L2B": {
    "n": 30,
    "mean_runtime": 5.648033333333333,
    "mean_R": 5.0,
    "mean_H": 5.0,
    "mean_S": 4.633333333333334,
    "mean_D": 5.0,
    "mean_K": 5.0,
    "flag_rates": {
      "safety_first": 1.0,
      "escalation_present": 1.0,
      "offline_workflow_mentioned": 0.6666666666666666,
      "hallucination_suspected": 0.0
    }
  }
}