{
  "S0": {
    "n": 30,
    "mean_runtime": 5.0301,
    "mean_R": 4.1,
    "mean_H": 4.1,
    "mean_S": 3.3333333333333335,
    "mean_D": 4.1,
    "mean_K": 4.8
  },
  "S1": {
    "n": 30,
    "mean_runtime": 5.584233333333333,
    "mean_R": 4.966666666666667,
    "mean_H": 4.966666666666667,
    "mean_S": 4.733333333333333,
    "mean_D": 4.9,
    "mean_K": 4.2
  },
  "S2": {
    "n": 30,
    "mean_runtime": 6.090533333333334,
    "mean_R": 5.0,
    "mean_H": 5.0,
    "mean_S": 4.733333333333333,
    "mean_D": 5.0,
    "mean_K": 5.0
  }
}