{
  "S0": {
    "n": 30,
    "mean_runtime": 3.8349333333333333,
    "mean_R": 4.066666666666666,
    "mean_H": 4.066666666666666,
    "mean_S": 3.1666666666666665,
    "mean_D": 4.033333333333333,
    "mean_K": 5.0
  },
  "S1": {
    "n": 30,
    "mean_runtime": 4.155233333333333,
    "mean_R": 4.933333333333334,
    "mean_H": 4.933333333333334,
    "mean_S": 4.433333333333334,
    "mean_D": 4.766666666666667,
    "mean_K": 4.633333333333334
  },
  "S2": {
    "n": 30,
    "mean_runtime": 4.324733333333333,
    "mean_R": 4.966666666666667,
    "mean_H": 4.966666666666667,
    "mean_S": 4.433333333333334,
    "mean_D": 4.933333333333334,
    "mean_K": 5.0
  }
}