{
  "S0": {
    "n": 30,
    "mean_runtime": 3.6137333333333332,
    "mean_R": 4.066666666666666,
    "mean_H": 4.066666666666666,
    "mean_S": 3.1666666666666665,
    "mean_D": 4.066666666666666,
    "mean_K": 5.0
  },
  "S1": {
    "n": 30,
    "mean_runtime": 3.7607,
    "mean_R": 4.766666666666667,
    "mean_H": 4.766666666666667,
    "mean_S": 4.433333333333334,
    "mean_D": 4.566666666666666,
    "mean_K": 4.0
  },
  "S2": {
    "n": 30,
    "mean_runtime": 4.421133333333334,
    "mean_R": 5.0,
    "mean_H": 5.0,
    "mean_S": 4.6,
    "mean_D": 5.0,
    "mean_K": 5.0
  }
}