{
  "S0": {
    "n": 30,
    "mean_runtime": 4.5822666666666665,
    "mean_R": 3.466666666666667,
    "mean_H": 3.466666666666667,
    "mean_S": 3.2666666666666666,
    "mean_D": 3.6666666666666665,
    "mean_K": 2.7,
    "mean_overall": 3.3133333333333335,
    "flag_rates": {
      "safety_first": 1.0,
      "escalation_present": 1.0,
      "offline_workflow_mentioned": 0.0,
      "hallucination_suspected": 0.0
    }
  },
  "S1": {
    "n": 30,
    "mean_runtime": 5.420066666666667,
    "mean_R": 4.566666666666666,
    "mean_H": 4.433333333333334,
    "mean_S": 4.466666666666667,
    "mean_D": 4.3,
    "mean_K": 3.8666666666666667,
    "mean_overall": 4.326666666666667,
    "flag_rates": {
      "safety_first": 1.0,
      "escalation_present": 1.0,
      "offline_workflow_mentioned": 0.3,
      "hallucination_suspected": 0.0
    }
  },
  "S2": {
    "n": 30,
    "mean_runtime": 5.446466666666667,
    "mean_R": 4.966666666666667,
    "mean_H": 4.966666666666667,
    "mean_S": 4.733333333333333,
    "mean_D": 4.866666666666666,
    "mean_K": 4.966666666666667,
    "mean_overall": 4.9,
    "flag_rates": {
      "safety_first": 1.0,
      "escalation_present": 1.0,
      "offline_workflow_mentioned": 0.7,
      "hallucination_suspected": 0.0
    }
  }
}