{
  "L0": {
    "n": 30,
    "mean_runtime": 4.751866666666667,
    "mean_R": 3.3666666666666667,
    "mean_H": 3.4,
    "mean_S": 3.1,
    "mean_D": 3.6,
    "mean_K": 2.8666666666666667,
    "mean_overall": 3.2666666666666666,
    "flag_rates": {
      "safety_first": 0.9666666666666667,
      "escalation_present": 1.0,
      "offline_workflow_mentioned": 0.0,
      "hallucination_suspected": 0.03333333333333333
    }
  },
  "L2": {
    "n": 30,
    "mean_runtime": 5.138133333333333,
    "mean_R": 4.5,
    "mean_H": 4.333333333333333,
    "mean_S": 4.333333333333333,
    "mean_D": 4.233333333333333,
    "mean_K": 3.8,
    "mean_overall": 4.24,
    "flag_rates": {
      "safety_first": 1.0,
      "escalation_present": 1.0,
      "offline_workflow_mentioned": 0.2,
      "hallucination_suspected": 0.03333333333333333
    }
  },
  "L2B": {
    "n": 30,
    "mean_runtime": 5.3105,
    "mean_R": 4.933333333333334,
    "mean_H": 4.933333333333334,
    "mean_S": 4.533333333333333,
    "mean_D": 4.833333333333333,
    "mean_K": 5.0,
    "mean_overall": 4.846666666666667,
    "flag_rates": {
      "safety_first": 1.0,
      "escalation_present": 1.0,
      "offline_workflow_mentioned": 0.6333333333333333,
      "hallucination_suspected": 0.0
    }
  }
}