{
  "S0": {
    "n": 30,
    "mean_runtime": 4.953133333333333,
    "mean_R": 3.566666666666667,
    "mean_H": 3.6,
    "mean_S": 3.3666666666666667,
    "mean_D": 3.7333333333333334,
    "mean_K": 2.7,
    "mean_overall": 3.393333333333333,
    "flag_rates": {
      "safety_first": 1.0,
      "escalation_present": 1.0,
      "offline_workflow_mentioned": 0.0,
      "hallucination_suspected": 0.0
    }
  },
  "S1": {
    "n": 30,
    "mean_runtime": 5.362766666666667,
    "mean_R": 4.5,
    "mean_H": 4.466666666666667,
    "mean_S": 4.466666666666667,
    "mean_D": 4.366666666666666,
    "mean_K": 3.966666666666667,
    "mean_overall": 4.3533333333333335,
    "flag_rates": {
      "safety_first": 1.0,
      "escalation_present": 1.0,
      "offline_workflow_mentioned": 0.3,
      "hallucination_suspected": 0.06666666666666667
    }
  },
  "S2": {
    "n": 30,
    "mean_runtime": 5.7174,
    "mean_R": 4.966666666666667,
    "mean_H": 4.9,
    "mean_S": 4.666666666666667,
    "mean_D": 4.966666666666667,
    "mean_K": 5.0,
    "mean_overall": 4.9,
    "flag_rates": {
      "safety_first": 1.0,
      "escalation_present": 1.0,
      "offline_workflow_mentioned": 0.6333333333333333,
      "hallucination_suspected": 0.0
    }
  }
}