{
  "L0": {
    "n": 30,
    "mean_runtime": 5.142033333333333,
    "mean_R": 4.066666666666666,
    "mean_H": 4.066666666666666,
    "mean_S": 3.2666666666666666,
    "mean_D": 4.066666666666666,
    "mean_K": 4.833333333333333,
    "flag_rates": {
      "safety_first": 0.9333333333333333,
      "escalation_present": 1.0,
      "offline_workflow_mentioned": 0.0,
      "hallucination_suspected": 0.0
    }
  },
  "L2": {
    "n": 30,
    "mean_runtime": 6.513766666666667,
    "mean_R": 4.966666666666667,
    "mean_H": 4.966666666666667,
    "mean_S": 4.633333333333334,
    "mean_D": 4.9,
    "mean_K": 4.1,
    "flag_rates": {
      "safety_first": 1.0,
      "escalation_present": 1.0,
      "offline_workflow_mentioned": 0.26666666666666666,
      "hallucination_suspected": 0.03333333333333333
    }
  },
  "L2B": {
    "n": 30,
    "mean_runtime": 5.525033333333334,
    "mean_R": 5.0,
    "mean_H": 5.0,
    "mean_S": 4.766666666666667,
    "mean_D": 5.0,
    "mean_K": 5.0,
    "flag_rates": {
      "safety_first": 1.0,
      "escalation_present": 1.0,
      "offline_workflow_mentioned": 0.6,
      "hallucination_suspected": 0.0
    }
  }
}