{
  "S0": {
    "n": 30,
    "mean_runtime": 4.692466666666666,
    "mean_R": 4.033333333333333,
    "mean_H": 4.033333333333333,
    "mean_S": 3.2,
    "mean_D": 4.033333333333333,
    "mean_K": 4.933333333333334
  },
  "S1": {
    "n": 30,
    "mean_runtime": 5.050299999999999,
    "mean_R": 4.933333333333334,
    "mean_H": 4.9,
    "mean_S": 4.566666666666666,
    "mean_D": 4.8,
    "mean_K": 4.1
  },
  "S2": {
    "n": 30,
    "mean_runtime": 5.413133333333334,
    "mean_R": 5.0,
    "mean_H": 5.0,
    "mean_S": 4.666666666666667,
    "mean_D": 5.0,
    "mean_K": 5.0
  }
}