{
  "S0": {
    "n": 30,
    "mean_runtime": 4.8767,
    "mean_R": 4.033333333333333,
    "mean_H": 4.033333333333333,
    "mean_S": 3.1666666666666665,
    "mean_D": 4.033333333333333,
    "mean_K": 4.866666666666666
  },
  "S1": {
    "n": 30,
    "mean_runtime": 5.533066666666667,
    "mean_R": 5.0,
    "mean_H": 5.0,
    "mean_S": 4.633333333333334,
    "mean_D": 4.966666666666667,
    "mean_K": 4.3
  },
  "S2": {
    "n": 30,
    "mean_runtime": 5.552933333333333,
    "mean_R": 5.0,
    "mean_H": 5.0,
    "mean_S": 4.633333333333334,
    "mean_D": 4.966666666666667,
    "mean_K": 5.0
  }
}